category	path	size_bytes	sha256
active-managed-asset	Final_WellBeingFem_Living_in_Frequency_Final_Clickable_060c3b15.pdf	1813573	1b693ac5525346f4b64c3caa399f590e78c3ebf371a90018dafdf83845064cb2
active-managed-asset	GreenHeroDesktop-1280_752dae66.webp	143182	09d89c2c601e92e19e5a8bc79cf0f85e103ddfe795b1e6face0ae2173a6bbb5f
active-managed-asset	GreenHeroDesktop-1600_66805239.webp	192380	f37427aa153d17bee7b134ba859670383dcb45cde82db49d8381f5ad424b6fa3
active-managed-asset	GreenHeroDesktop_79969576.png	2149748	9bb5053a46c68a61d84ed726b3e72d97ee7681d2c0270590b473e96d88a0ab31
active-managed-asset	Healyandphone_52ac329b.png	459239	00e0e0a4a81f7d093da486e8c1c8edbda08cf3941736dab41d6e15b8bceace83
active-managed-asset	MobileforManus_6583f17d.png	1960879	8ef89b76408e856b779967113be14a30342a2a6fcf8f0cd023817843bfafbb74
active-managed-asset	NewSocialMediaimageSept8th2026_74736364.png	1914890	05998bc2c8076738a0cf0e07cb0af0a1915dc00f7619ecf5e25486188a1746bd
active-managed-asset	UPdatedgreenmedcard_aaedad94.png	2006812	e703a21ad874732bb7abb68f2f62db876b891a67749f45533f860bdded7f3962
active-managed-asset	WBFFlowerfromlogo_60274cdc.png	1175662	bc1c9a6675eb2e345f8187b6dd521759df2dc6d1f559ff2bc96d5272738f4be2
active-managed-asset	WBFUpdatedYTQR_cf8434a2.png	1446224	5a31d59b2a97adc2d8c852f2346e367cd4d57b5d8e1de5f50ae2454323b1ca31
active-managed-asset	WBfResource01CardImage_2ee9605d.png	2271282	a4df660ee66c9657a67ac6c597a3a26abec2392d794574028575eb7f8dea4ef6
active-managed-asset	WBfResource02CardImage_3dc660c3.png	2359570	fa1171d1b12ad0770e08d7a29b9687cc96400d3e6bfea8dab3c463c975616ed9
active-managed-asset	WellBeingfemlogofinal_e0e51dae.png	948356	9418014fdbc02588aa00e1048bb1f8a62049ef2301f816c1fa292b687bd218b1
active-managed-asset	WomensWisdom1image_c8dbd7a7.png	2440274	2fef9a92cc1ac9f97677e2cc59937f022634af151e5971c3161d2d0b8ef81052
active-managed-asset	frequencylaptophealyimage_9b168a7c.png	2185928	05fec1b2583c425fad90ff070030ed3da7d22710ecd0fdeb8363e5b36bc86092
active-managed-asset	ondamedwlogo-page-1448_113a94c2.webp	111852	b5f9036328ce19b5d37408ffa4432759bff6dffc730fbe7eeb1cc9c27c5e18ad
active-managed-asset	ondamedwlogo-page-1448_147a2994.jpg	195249	594706f7b4ab697a4071147db7ae29d49774d973f4709706063d3602c736ed82
active-managed-asset	ondamedwlogo-page-720_6f3bbdb0.jpg	48737	90ec94992a92fded61324b97190c19602cd9b4e50fc24317c26cde23230a4909
active-managed-asset	ondamedwlogo-page-720_a87d4d44.webp	26822	86b9a720fb1881f421ab8b5fd7589dd3930a9728ea1c02abdab06b7bfc0eaa98
active-managed-asset	ondamedwlogo_d68ec81a.png	2264425	c1f3f5d711592159be8631c1881bca0e39a362cf965534030b04cfff1e4680e8
active-managed-asset	updatedgreenReikiCombocard_192f43bc.png	2019376	f3097f4cec6f810dd29022313b3121a7f2728a46fc1ba7f8296289c7816a0635
preserved-original-upload	Final_WellBeingFem_Living_in_Frequency_Final_Clickable.pdf	1813573	1b693ac5525346f4b64c3caa399f590e78c3ebf371a90018dafdf83845064cb2
preserved-original-upload	GreenHeroDesktop-1280.webp	143182	09d89c2c601e92e19e5a8bc79cf0f85e103ddfe795b1e6face0ae2173a6bbb5f
preserved-original-upload	GreenHeroDesktop-1600.webp	192380	f37427aa153d17bee7b134ba859670383dcb45cde82db49d8381f5ad424b6fa3
preserved-original-upload	GreenHeroDesktop.png	2149748	9bb5053a46c68a61d84ed726b3e72d97ee7681d2c0270590b473e96d88a0ab31
preserved-original-upload	GuidedMedsite.png	2204323	fc588f5159e4ab39629ddb1df92aa299d23ba1c24b10b1245720fa1e6a48f45c
preserved-original-upload	HeroMobileGreen-480.webp	75624	ba6756f58582e1fb74f1b95c245b85bb05a911f8c13f16ebb607b31c93042d29
preserved-original-upload	HeroMobileGreen-720.webp	132906	639824a57dad288842e6c245afbfca561eab2345bcaa857eee42f00b01228140
preserved-original-upload	HeroMobileGreen.png	1989192	fa9dcf3c6c279a6e83945c6ef60a6ee3f3893d9cf0a355a1001277a58c1db698
preserved-original-upload	HeroforMobile-1200.webp	147680	5d669fb4b09d7328ee8fe033eae7f2c96c1020c4976a82a710d9e5d7146cbb59
preserved-original-upload	HeroforMobile-720.webp	64192	04509e70595cddfeeca3478b68decb2dcbd9b0afa4c140527e7d6657f0af4ca9
preserved-original-upload	HeroforMobile.png	2215468	c78aa88ef63c31c72b5493dad54adf240f8529d548d6be4eb929db800427c3f2
preserved-original-upload	HerowithFreeResource.png	2255131	2e57378065be8e84fcdb0498070be3542f035dc3c8a46d4f34831ec72f27a34f
preserved-original-upload	MobileforManus.png	1960879	8ef89b76408e856b779967113be14a30342a2a6fcf8f0cd023817843bfafbb74
preserved-original-upload	NewSocialMediaimageSept8th2026.png	1914890	05998bc2c8076738a0cf0e07cb0af0a1915dc00f7619ecf5e25486188a1746bd
preserved-original-upload	UPdatedgreenmedcard.png	2006812	e703a21ad874732bb7abb68f2f62db876b891a67749f45533f860bdded7f3962
preserved-original-upload	WBFUpdatedYTQR.png	1446224	5a31d59b2a97adc2d8c852f2346e367cd4d57b5d8e1de5f50ae2454323b1ca31
preserved-original-upload	WBfResource01CardImage.png	2271282	a4df660ee66c9657a67ac6c597a3a26abec2392d794574028575eb7f8dea4ef6
preserved-original-upload	WBfResource02CardImage.png	2359570	fa1171d1b12ad0770e08d7a29b9687cc96400d3e6bfea8dab3c463c975616ed9
preserved-original-upload	mobileHerowithflower-480.webp	76118	e62f63a7dbd86c100ed39c5c3bd882d7e4e54d3b9284b6f037cb01fd5d4bfdd9
preserved-original-upload	mobileHerowithflower-720.webp	130030	b138b6e52a17f327bd5b780c4028f7612e1562601c2f97549895adfb638e0641
preserved-original-upload	mobileHerowithflower.png	1964852	fc0692082890c63100efa14a1d4516e552b2a3d0182f0e937e55aea19564a943
preserved-original-upload	updatedgreenReikiCombocard.png	2019376	f3097f4cec6f810dd29022313b3121a7f2728a46fc1ba7f8296289c7816a0635
